{
	"version":"Sample 1.0.0",
	"model":"bronya.moc",
	"textures":[
		"bronya.2048/texture_00.png"
	],
	"motions":{
		"shake":[
			{"file":"motions/5.mtn","text":155118,"sound_delay":-1}
		],
		"flick_head":[
			{"file":"motions/2.mtn","sound_delay":-1}
		],
		"tap_face":[
			{"file":"motions/1.mtn","text":155114,"sound_delay":-1},
			{"file":"motions/7.mtn","text":155114,"sound_delay":-1}
		],
		"tap_breast":[
			{"file":"motions/3.mtn","text":155116,"sound_delay":-1}
		],
		"tap_belly":[
			{"file":"motions/4.mtn","text":155117,"sound_delay":-1}
		],
		"tap_leg":[
			{"file":"motions/4.mtn","text":155117,"sound_delay":-1}
		],
		"morning":[
			{"file":"motions/idle.mtn"}
		],
		"idle":[
			{"file":"motions/6.mtn","text":155119,"sound_delay":-0.5},
			{"file":"motions/5.mtn","text":155118,"sound_delay":-1.5}
		],
		"activity":[
			{"file":"motions/idle.mtn"}
		],
		"mail":[
			{"file":"motions/idle.mtn"}
		],
		"friend":[
			{"file":"motions/idle.mtn"}
		],
		"born":[
			{"file":"motions/5.mtn","text":155118,"sound_delay":-1.5}
		],
		"afternoon":[
			{"file":"motions/idle.mtn"}
		],
		"evening":[
			{"file":"motions/idle.mtn"}
		]

	},
	"physics":"physics.json",
	"project_settings":"embed://111.json",
	"name":"",
	"layout":
	{
		"image_height": 750,
		"image_center_y": -0.15,
		"anchor_center_y": 0,
		"head_center_y": 0.5,
		"time_to_max_speed": 0.08,
		"face_max_angle": 20
	},
	"hit_areas":
	[
		{"name":"head", "id":"D_CORE_HEAD"},
		{"name":"face", "id":"D_CORE_FACE"},
		{"name":"breast", "id":"D_CORE_BREAST"},
		{"name":"belly", "id":"D_CORE_BELLY"},
		{"name":"leg", "id":"D_CORE_LEG"}
	],
	"motion_settings":
	{
		"idle":{"cd":10},
		"morning":{"cd":3600},
		"afternoon":{"cd":3600},
		"evening":{"cd":3600},
		"activity":{"cd":3600},
		"friend":{"cd":18000},
		"mail":{"cd":18000},
		"tap_breast":{"cd":10},
		"tap_belly":{"cd":10},
		"tap_leg":{"cd":10},
		"tap_face":{"cd":10},
		"flick_head":{"cd":20},
		"shake":{"cd":60},
		"born":{"cd":60}
	}
}