{
	"type":"Live2D Physics",
	"physics_hair":[
		{
			"label":"HairF1_1",
			"setup":{
				"length":0.3,
				"regist":0.2,
				"mass":0.1
			},
			"src":[
				{
					"id":"PARAM_ANGLE_X",
					"ptype":"x",
					"scale":0.01,
					"weight":0.8
				},
				{
					"id":"PARAM_ANGLE_Z",
					"ptype":"x",
					"scale":0.01,
					"weight":0.5
				},
				{
					"id":"PARAM_ALL__X",
					"ptype":"x",
					"scale":0.2,
					"weight":0.3
				},
				{
					"id":"PARAM_ANGLE_Z",
					"ptype":"angle",
					"scale":0.5,
					"weight":1
				},
				{
					"id":"PARAM_BODY_ANGLE_Z",
					"ptype":"angle",
					"scale":0.5,
					"weight":1
				}
			],
			"targets":[
				{
					"id":"PARAM_HAIR_F_1__1",
					"ptype":"angle",
					"scale":0.5,
					"weight":1
				}
			]
		},
		{
			"label":"HairS1_1",
			"setup":{
				"length":0.5,
				"regist":0.5,
				"mass":0.2
			},
			"src":[
				{
					"id":"PARAM_ANGLE_X",
					"ptype":"x",
					"scale":0.009,
					"weight":0.5
				},
				{
					"id":"PARAM_ANGLE_Z",
					"ptype":"x",
					"scale":0.001,
					"weight":0.2
				},
				{
					"id":"PARAM_BODY_ANGLE_Z",
					"ptype":"angle",
					"scale":0.5,
					"weight":0.5
				},
				{
					"id":"PARAM_ANGLE_Z",
					"ptype":"angle",
					"scale":0.5,
					"weight":1
				},
				{
					"id":"PARAM_ALL__X",
					"ptype":"x",
					"scale":0.1,
					"weight":0.3
				}
			],
			"targets":[
				{
					"id":"PARAM_HAIR_F_4__1",
					"ptype":"angle",
					"scale":0.5,
					"weight":1
				},
				{
					"id":"PARAM_HAIR_F_5__1",
					"ptype":"angle",
					"scale":0.5,
					"weight":1
				}
			]
		},
		{
			"label":"Hair_Moe_X",
			"setup":{
				"length":0.5,
				"regist":0.3,
				"mass":0.1
			},
			"src":[
				{
					"id":"PARAM_ANGLE_X",
					"ptype":"x",
					"scale":0.004,
					"weight":0.5
				},
				{
					"id":"PARAM_ANGLE_Z",
					"ptype":"x",
					"scale":0.008,
					"weight":0.5
				},
				{
					"id":"PARAM_ALL_MOVE",
					"ptype":"x",
					"scale":0.1,
					"weight":0.5
				},
				{
					"id":"PARAM_BODY_ANGLE_Z",
					"ptype":"angle",
					"scale":0.5,
					"weight":0.5
				},
				{
					"id":"PARAM_ANGLE_Z",
					"ptype":"angle",
					"scale":1,
					"weight":1
				}
			],
			"targets":[
				{
					"id":"PARAM_HAIR_F_4__3__2",
					"ptype":"angle",
					"scale":0.5,
					"weight":1
				},
				{
					"id":"PARAM_HAIR_F_4__3__3",
					"ptype":"angle",
					"scale":0.5,
					"weight":1
				},
				{
					"id":"PARAM_HAIR_F_4__4__2",
					"ptype":"angle",
					"scale":0.5,
					"weight":1
				},
				{
					"id":"PARAM_HAIR_F_4__4__3",
					"ptype":"angle",
					"scale":0.5,
					"weight":1
				},
				{
					"id":"PARAM_HAIR_F_5__4__1",
					"ptype":"angle",
					"scale":1,
					"weight":1
				}
			]
		},
		{
			"label":"DRESS_Y",
			"setup":{
				"length":0.5,
				"regist":0.4,
				"mass":0.1
			},
			"src":[
				{
					"id":"PARAM__ALL__Y",
					"ptype":"x",
					"scale":0.01,
					"weight":0.5
				},
				{
					"id":"PARAM_BODY_ANGLE_Y",
					"ptype":"x",
					"scale":0.01,
					"weight":0.5
				},
				{
					"id":"PARAM_BODY_ANGLE_Z",
					"ptype":"x",
					"scale":0.05,
					"weight":0.5
				},
				{
					"id":"PARAM_BODY_Y",
					"ptype":"x",
					"scale":0.01,
					"weight":0.5
				}
			],
			"targets":[
				{
					"id":"PARAM_DRESS_1__Y_1",
					"ptype":"angle",
					"scale":0.75,
					"weight":1
				},
				{
					"id":"PARAM_DRESS_2__Y_1",
					"ptype":"angle",
					"scale":0.7,
					"weight":1
				},
				{
					"id":"PARAM_DRESS_3__Y_1",
					"ptype":"angle",
					"scale":0.65,
					"weight":1
				},
				{
					"id":"PARAM_DRESS_4__Y_1",
					"ptype":"angle",
					"scale":0.6,
					"weight":1
				}
			]
		},
		{
			"label":"HairS1_2",
			"setup":{
				"length":0.4,
				"regist":0.4,
				"mass":0.22
			},
			"src":[
				{
					"id":"PARAM_ANGLE_X",
					"ptype":"x",
					"scale":0.009,
					"weight":0.7
				},
				{
					"id":"PARAM_ANGLE_Z",
					"ptype":"x",
					"scale":0.001,
					"weight":0.5
				},
				{
					"id":"PARAM_BODY_ANGLE_Z",
					"ptype":"angle",
					"scale":1,
					"weight":0.5
				},
				{
					"id":"PARAM_ANGLE_Z",
					"ptype":"angle",
					"scale":1,
					"weight":1
				},
				{
					"id":"PARAM_ALL__X",
					"ptype":"x",
					"scale":0.5,
					"weight":0.5
				}
			],
			"targets":[
				{
					"id":"PARAM_HAIR_F_5__2",
					"ptype":"angle",
					"scale":0.5,
					"weight":1
				},
				{
					"id":"PARAM_HAIR_F_4__2",
					"ptype":"angle",
					"scale":0.5,
					"weight":1
				}
			]
		},
		{
			"label":"HairS1_3",
			"setup":{
				"length":0.35,
				"regist":0.3,
				"mass":0.3
			},
			"src":[
				{
					"id":"PARAM_ANGLE_X",
					"ptype":"x",
					"scale":0.009,
					"weight":0.7
				},
				{
					"id":"PARAM_ANGLE_Z",
					"ptype":"x",
					"scale":0.001,
					"weight":0.5
				},
				{
					"id":"PARAM_ALL__X",
					"ptype":"x",
					"scale":0.2,
					"weight":0.3
				},
				{
					"id":"PARAM_BODY_ANGLE_Z",
					"ptype":"angle",
					"scale":1,
					"weight":0.5
				},
				{
					"id":"PARAM_ANGLE_Z",
					"ptype":"angle",
					"scale":1,
					"weight":1
				}
			],
			"targets":[
				{
					"id":"PARAM_HAIR_F_5__3",
					"ptype":"angle",
					"scale":0.5,
					"weight":0.8
				}
			]
		},
		{
			"label":"HairF1_2",
			"setup":{
				"length":0.27,
				"regist":0.29,
				"mass":0.11
			},
			"src":[
				{
					"id":"PARAM_ANGLE_X",
					"ptype":"x",
					"scale":0.01,
					"weight":0.8
				},
				{
					"id":"PARAM_ANGLE_Z",
					"ptype":"x",
					"scale":0.01,
					"weight":0.5
				},
				{
					"id":"PARAM_ALL__X",
					"ptype":"x",
					"scale":0.2,
					"weight":0.3
				},
				{
					"id":"PARAM_ANGLE_Z",
					"ptype":"angle",
					"scale":0.5,
					"weight":1
				},
				{
					"id":"PARAM_BODY_ANGLE_Z",
					"ptype":"angle",
					"scale":0.5,
					"weight":1
				}
			],
			"targets":[
				{
					"id":"PARAM_HAIR_F_1__2",
					"ptype":"angle",
					"scale":0.5,
					"weight":1
				},
				{
					"id":"PARAM_HAIR_F_2__2",
					"ptype":"angle",
					"scale":0.4,
					"weight":1
				}
			]
		},
		{
			"label":"HairF1_3",
			"setup":{
				"length":0.25,
				"regist":0.27,
				"mass":0.11
			},
			"src":[
				{
					"id":"PARAM_ANGLE_X",
					"ptype":"x",
					"scale":0.01,
					"weight":0.8
				},
				{
					"id":"PARAM_ANGLE_Z",
					"ptype":"x",
					"scale":0.01,
					"weight":0.5
				},
				{
					"id":"PARAM_ALL__X",
					"ptype":"x",
					"scale":0.2,
					"weight":0.3
				},
				{
					"id":"PARAM_ANGLE_Z",
					"ptype":"angle",
					"scale":0.5,
					"weight":1
				},
				{
					"id":"PARAM_BODY_ANGLE_Z",
					"ptype":"angle",
					"scale":0.5,
					"weight":1
				}
			],
			"targets":[
				{
					"id":"PARAM_HAIR_F_1__3",
					"ptype":"angle",
					"scale":0.5,
					"weight":1
				},
				{
					"id":"PARAM_HAIR_F_2__3",
					"ptype":"angle",
					"scale":0.4,
					"weight":1
				}
			]
		},
		{
			"label":"HairF2_1",
			"setup":{
				"length":0.3,
				"regist":0.3,
				"mass":0.1
			},
			"src":[
				{
					"id":"PARAM_ANGLE_X",
					"ptype":"x",
					"scale":0.01,
					"weight":0.8
				},
				{
					"id":"PARAM_ANGLE_Z",
					"ptype":"x",
					"scale":0.01,
					"weight":0.5
				},
				{
					"id":"PARAM_ALL__X",
					"ptype":"x",
					"scale":0.2,
					"weight":0.3
				},
				{
					"id":"PARAM_ANGLE_Z",
					"ptype":"angle",
					"scale":0.5,
					"weight":1
				},
				{
					"id":"PARAM_BODY_ANGLE_Z",
					"ptype":"angle",
					"scale":0.5,
					"weight":1
				}
			],
			"targets":[
				{
					"id":"PARAM_HAIR_F_3__1",
					"ptype":"angle",
					"scale":0.5,
					"weight":1
				}
			]
		},
		{
			"label":"HairF2_2",
			"setup":{
				"length":0.35,
				"regist":0.27,
				"mass":0.12
			},
			"src":[
				{
					"id":"PARAM_ANGLE_X",
					"ptype":"x",
					"scale":0.01,
					"weight":0.8
				},
				{
					"id":"PARAM_ANGLE_Z",
					"ptype":"x",
					"scale":0.01,
					"weight":0.5
				},
				{
					"id":"PARAM_ALL__X",
					"ptype":"x",
					"scale":0.2,
					"weight":0.3
				},
				{
					"id":"PARAM_ANGLE_Z",
					"ptype":"angle",
					"scale":0.5,
					"weight":1
				},
				{
					"id":"PARAM_BODY_ANGLE_Z",
					"ptype":"angle",
					"scale":0.5,
					"weight":1
				}
			],
			"targets":[
				{
					"id":"PARAM_HAIR_F_3__2",
					"ptype":"angle",
					"scale":0.5,
					"weight":1
				}
			]
		},
		{
			"label":"HairF2_3",
			"setup":{
				"length":0.33,
				"regist":0.25,
				"mass":0.15
			},
			"src":[
				{
					"id":"PARAM_ANGLE_X",
					"ptype":"x",
					"scale":0.01,
					"weight":0.8
				},
				{
					"id":"PARAM_ANGLE_Z",
					"ptype":"x",
					"scale":0.01,
					"weight":0.5
				},
				{
					"id":"PARAM_ALL__X",
					"ptype":"x",
					"scale":0.2,
					"weight":0.3
				},
				{
					"id":"PARAM_ANGLE_Z",
					"ptype":"angle",
					"scale":0.5,
					"weight":1
				},
				{
					"id":"PARAM_BODY_ANGLE_Z",
					"ptype":"angle",
					"scale":0.5,
					"weight":1
				}
			],
			"targets":[
				{
					"id":"PARAM_HAIR_F_3__3",
					"ptype":"angle",
					"scale":0.4,
					"weight":1
				}
			]
		},
		{
			"label":"Dress1_1",
			"setup":{
				"length":0.5,
				"regist":0.6,
				"mass":0.2
			},
			"src":[
				{
					"id":"PARAM_BODY_ANGLE_X",
					"ptype":"x",
					"scale":0.02,
					"weight":0.5
				},
				{
					"id":"PARAM__ALL__X",
					"ptype":"x",
					"scale":0.05,
					"weight":0.5
				},
				{
					"id":"PARAM_BODY_ANGLE_Z",
					"ptype":"angle",
					"scale":1,
					"weight":1
				}
			],
			"targets":[
				{
					"id":"PARAM_DRESS_1__1_X",
					"ptype":"angle",
					"scale":0.2,
					"weight":1
				}
			]
		},
		{
			"label":"Dress1_2",
			"setup":{
				"length":0.45,
				"regist":0.5,
				"mass":0.23
			},
			"src":[
				{
					"id":"PARAM_BODY_ANGLE_X",
					"ptype":"x",
					"scale":0.02,
					"weight":0.5
				},
				{
					"id":"PARAM__ALL__X",
					"ptype":"x",
					"scale":0.05,
					"weight":0.5
				},
				{
					"id":"PARAM_BODY_ANGLE_Z",
					"ptype":"angle",
					"scale":1,
					"weight":1
				}
			],
			"targets":[
				{
					"id":"PARAM_DRESS_1__2_X",
					"ptype":"angle",
					"scale":0.3,
					"weight":1
				}
			]
		},
		{
			"label":"Dress1_3",
			"setup":{
				"length":0.4,
				"regist":0.35,
				"mass":0.25
			},
			"src":[
				{
					"id":"PARAM_BODY_ANGLE_X",
					"ptype":"x",
					"scale":0.02,
					"weight":0.5
				},
				{
					"id":"PARAM__ALL__X",
					"ptype":"x",
					"scale":0.05,
					"weight":0.5
				},
				{
					"id":"PARAM_BODY_ANGLE_Z",
					"ptype":"angle",
					"scale":1,
					"weight":1
				}
			],
			"targets":[
				{
					"id":"PARAM_DRESS_1__3_X",
					"ptype":"angle",
					"scale":0.4,
					"weight":1
				}
			]
		},
		{
			"label":"Dress2_1",
			"setup":{
				"length":0.52,
				"regist":0.62,
				"mass":0.18
			},
			"src":[
				{
					"id":"PARAM_BODY_ANGLE_X",
					"ptype":"x",
					"scale":0.02,
					"weight":0.5
				},
				{
					"id":"PARAM__ALL__X",
					"ptype":"x",
					"scale":0.05,
					"weight":0.5
				},
				{
					"id":"PARAM_BODY_ANGLE_Z",
					"ptype":"angle",
					"scale":1,
					"weight":1
				}
			],
			"targets":[
				{
					"id":"PARAM_DRESS_2__1_X",
					"ptype":"angle",
					"scale":0.2,
					"weight":1
				}
			]
		},
		{
			"label":"Dress2_2",
			"setup":{
				"length":0.47,
				"regist":0.52,
				"mass":0.25
			},
			"src":[
				{
					"id":"PARAM_BODY_ANGLE_X",
					"ptype":"x",
					"scale":0.02,
					"weight":0.5
				},
				{
					"id":"PARAM__ALL__X",
					"ptype":"x",
					"scale":0.05,
					"weight":0.5
				},
				{
					"id":"PARAM_BODY_ANGLE_Z",
					"ptype":"angle",
					"scale":1,
					"weight":1
				}
			],
			"targets":[
				{
					"id":"PARAM_DRESS_2__2_X",
					"ptype":"angle",
					"scale":0.4,
					"weight":1
				}
			]
		},
		{
			"label":"Dress2_3",
			"setup":{
				"length":0.4,
				"regist":0.4,
				"mass":0.2
			},
			"src":[
				{
					"id":"PARAM_BODY_ANGLE_X",
					"ptype":"x",
					"scale":0.02,
					"weight":0.5
				},
				{
					"id":"PARAM__ALL__X",
					"ptype":"x",
					"scale":0.05,
					"weight":0.5
				},
				{
					"id":"PARAM_BODY_ANGLE_Z",
					"ptype":"angle",
					"scale":1,
					"weight":1
				}
			],
			"targets":[
				{
					"id":"PARAM_DRESS_2__3_X",
					"ptype":"angle",
					"scale":0.5,
					"weight":1
				}
			]
		},
		{
			"label":"Dress3_1",
			"setup":{
				"length":0.55,
				"regist":0.7,
				"mass":0.15
			},
			"src":[
				{
					"id":"PARAM_BODY_ANGLE_X",
					"ptype":"x",
					"scale":0.02,
					"weight":0.5
				},
				{
					"id":"PARAM__ALL__X",
					"ptype":"x",
					"scale":0.05,
					"weight":0.5
				},
				{
					"id":"PARAM_BODY_ANGLE_Z",
					"ptype":"angle",
					"scale":1,
					"weight":1
				}
			],
			"targets":[
				{
					"id":"PARAM_DRESS_3__1_X",
					"ptype":"angle",
					"scale":0.3,
					"weight":1
				},
				{
					"id":"PARAM_DRESS_4__1_X",
					"ptype":"angle",
					"scale":0.25,
					"weight":1
				}
			]
		},
		{
			"label":"Dress3_2",
			"setup":{
				"length":0.5,
				"regist":0.6,
				"mass":0.2
			},
			"src":[
				{
					"id":"PARAM_BODY_ANGLE_X",
					"ptype":"x",
					"scale":0.02,
					"weight":0.5
				},
				{
					"id":"PARAM__ALL__X",
					"ptype":"x",
					"scale":0.05,
					"weight":0.5
				},
				{
					"id":"PARAM_BODY_ANGLE_Z",
					"ptype":"angle",
					"scale":1,
					"weight":1
				}
			],
			"targets":[
				{
					"id":"PARAM_DRESS_3__2_X",
					"ptype":"angle",
					"scale":0.4,
					"weight":1
				},
				{
					"id":"PARAM_DRESS_4__2_X",
					"ptype":"angle",
					"scale":0.35,
					"weight":1
				}
			]
		},
		{
			"label":"Dress3_3",
			"setup":{
				"length":0.45,
				"regist":0.45,
				"mass":0.25
			},
			"src":[
				{
					"id":"PARAM_BODY_ANGLE_X",
					"ptype":"x",
					"scale":0.02,
					"weight":0.5
				},
				{
					"id":"PARAM__ALL__X",
					"ptype":"x",
					"scale":0.05,
					"weight":0.5
				},
				{
					"id":"PARAM_BODY_ANGLE_Z",
					"ptype":"angle",
					"scale":1,
					"weight":1
				}
			],
			"targets":[
				{
					"id":"PARAM_DRESS_3__3_X",
					"ptype":"angle",
					"scale":0.5,
					"weight":1
				},
				{
					"id":"PARAM_DRESS_4__3_X",
					"ptype":"angle",
					"scale":0.45,
					"weight":1
				}
			]
		},
		{
			"label":"HairB1_1",
			"setup":{
				"length":0.5,
				"regist":0.7,
				"mass":0.2
			},
			"src":[
				{
					"id":"PARAM_ANGLE_X",
					"ptype":"x",
					"scale":0.01,
					"weight":0.7
				},
				{
					"id":"PARAM_ANGLE_Z",
					"ptype":"x",
					"scale":0.01,
					"weight":0.5
				},
				{
					"id":"PARAM_ALL__X",
					"ptype":"x",
					"scale":0.2,
					"weight":0.3
				},
				{
					"id":"PARAM_BODY_ANGLE_Z",
					"ptype":"angle",
					"scale":0.5,
					"weight":0.5
				},
				{
					"id":"PARAM_ANGLE_Z",
					"ptype":"angle",
					"scale":0.5,
					"weight":1
				}
			],
			"targets":[
				{
					"id":"PARAM_HAIR_B_1__1",
					"ptype":"angle",
					"scale":0.2,
					"weight":1
				}
			]
		},
		{
			"label":"HairB1_2",
			"setup":{
				"length":0.45,
				"regist":0.6,
				"mass":0.2
			},
			"src":[
				{
					"id":"PARAM_ANGLE_X",
					"ptype":"x",
					"scale":0.01,
					"weight":0.7
				},
				{
					"id":"PARAM_ANGLE_Z",
					"ptype":"x",
					"scale":0.01,
					"weight":0.5
				},
				{
					"id":"PARAM_ALL__X",
					"ptype":"x",
					"scale":0.2,
					"weight":0.3
				},
				{
					"id":"PARAM_BODY_ANGLE_Z",
					"ptype":"angle",
					"scale":0.5,
					"weight":0.5
				},
				{
					"id":"PARAM_ANGLE_Z",
					"ptype":"angle",
					"scale":0.5,
					"weight":1
				}
			],
			"targets":[
				{
					"id":"PARAM_HAIR_B_1__2",
					"ptype":"angle",
					"scale":0.4,
					"weight":1
				}
			]
		},
		{
			"label":"HairB1_3",
			"setup":{
				"length":0.4,
				"regist":0.5,
				"mass":0.2
			},
			"src":[
				{
					"id":"PARAM_ANGLE_X",
					"ptype":"x",
					"scale":0.01,
					"weight":0.7
				},
				{
					"id":"PARAM_ANGLE_Z",
					"ptype":"x",
					"scale":0.01,
					"weight":0.5
				},
				{
					"id":"PARAM_ALL__X",
					"ptype":"x",
					"scale":0.2,
					"weight":0.3
				},
				{
					"id":"PARAM_BODY_ANGLE_Z",
					"ptype":"angle",
					"scale":0.5,
					"weight":0.5
				},
				{
					"id":"PARAM_ANGLE_Z",
					"ptype":"angle",
					"scale":0.5,
					"weight":1
				}
			],
			"targets":[
				{
					"id":"PARAM_HAIR_B_1__3",
					"ptype":"angle",
					"scale":0.5,
					"weight":1
				}
			]
		},
		{
			"label":"HairB2_1",
			"setup":{
				"length":0.7,
				"regist":0.7,
				"mass":0.18
			},
			"src":[
				{
					"id":"PARAM_ANGLE_X",
					"ptype":"x",
					"scale":0.01,
					"weight":0.7
				},
				{
					"id":"PARAM_ANGLE_Z",
					"ptype":"x",
					"scale":0.01,
					"weight":0.5
				},
				{
					"id":"PARAM_ALL__X",
					"ptype":"x",
					"scale":0.2,
					"weight":0.3
				},
				{
					"id":"PARAM_BODY_ANGLE_Z",
					"ptype":"angle",
					"scale":0.5,
					"weight":0.5
				},
				{
					"id":"PARAM_ANGLE_Z",
					"ptype":"angle",
					"scale":0.5,
					"weight":1
				}
			],
			"targets":[
				{
					"id":"PARAM_HAIR_B_2__1",
					"ptype":"angle",
					"scale":0.4,
					"weight":1
				}
			]
		},
		{
			"label":"HairB2_2",
			"setup":{
				"length":0.45,
				"regist":0.6,
				"mass":0.2
			},
			"src":[
				{
					"id":"PARAM_ANGLE_X",
					"ptype":"x",
					"scale":0.01,
					"weight":0.7
				},
				{
					"id":"PARAM_ANGLE_Z",
					"ptype":"x",
					"scale":0.01,
					"weight":0.5
				},
				{
					"id":"PARAM_ALL__X",
					"ptype":"x",
					"scale":0.2,
					"weight":0.3
				},
				{
					"id":"PARAM_BODY_ANGLE_Z",
					"ptype":"angle",
					"scale":0.5,
					"weight":0.5
				},
				{
					"id":"PARAM_ANGLE_Z",
					"ptype":"angle",
					"scale":0.5,
					"weight":1
				}
			],
			"targets":[
				{
					"id":"PARAM_HAIR_B_2__2",
					"ptype":"angle",
					"scale":0.3,
					"weight":1
				}
			]
		},
		{
			"label":"HairS1_1",
			"setup":{
				"length":0.3,
				"regist":0.3,
				"mass":0.1
			},
			"src":[
				{
					"id":"PARAM_ANGLE_X",
					"ptype":"x",
					"scale":0.01,
					"weight":0.8
				},
				{
					"id":"PARAM_ANGLE_Z",
					"ptype":"x",
					"scale":0.01,
					"weight":0.5
				},
				{
					"id":"PARAM_ALL__X",
					"ptype":"x",
					"scale":0.2,
					"weight":0.3
				},
				{
					"id":"PARAM_ANGLE_Z",
					"ptype":"angle",
					"scale":0.5,
					"weight":1
				},
				{
					"id":"PARAM_BODY_ANGLE_Z",
					"ptype":"angle",
					"scale":0.5,
					"weight":1
				}
			],
			"targets":[
				{
					"id":"PARAM_HAIR_S_1__1",
					"ptype":"angle",
					"scale":0.2,
					"weight":1
				},
				{
					"id":"PARAM_HAIR_S_2__1",
					"ptype":"angle",
					"scale":0.2,
					"weight":1
				},
				{
					"id":"PARAM_HAIR_S_1__Y_1",
					"ptype":"angle",
					"scale":0.2,
					"weight":1
				}
			]
		},
		{
			"label":"HairS1_2",
			"setup":{
				"length":0.27,
				"regist":0.29,
				"mass":0.11
			},
			"src":[
				{
					"id":"PARAM_ANGLE_X",
					"ptype":"x",
					"scale":0.01,
					"weight":0.8
				},
				{
					"id":"PARAM_ANGLE_Z",
					"ptype":"x",
					"scale":0.01,
					"weight":0.5
				},
				{
					"id":"PARAM_ALL__X",
					"ptype":"x",
					"scale":0.2,
					"weight":0.3
				},
				{
					"id":"PARAM_ANGLE_Z",
					"ptype":"angle",
					"scale":0.5,
					"weight":1
				},
				{
					"id":"PARAM_BODY_ANGLE_Z",
					"ptype":"angle",
					"scale":0.5,
					"weight":1
				}
			],
			"targets":[
				{
					"id":"PARAM_HAIR_S_1__2",
					"ptype":"angle",
					"scale":0.3,
					"weight":1
				},
				{
					"id":"PARAM_HAIR_S_2__2",
					"ptype":"angle",
					"scale":0.25,
					"weight":1
				},
				{
					"id":"PARAM_HAIR_S_1__Y_2",
					"ptype":"angle",
					"scale":0.2,
					"weight":1
				}
			]
		},
		{
			"label":"HairS1_3",
			"setup":{
				"length":0.25,
				"regist":0.27,
				"mass":0.11
			},
			"src":[
				{
					"id":"PARAM_ANGLE_X",
					"ptype":"x",
					"scale":0.01,
					"weight":0.8
				},
				{
					"id":"PARAM_ANGLE_Z",
					"ptype":"x",
					"scale":0.01,
					"weight":0.5
				},
				{
					"id":"PARAM_ALL__X",
					"ptype":"x",
					"scale":0.2,
					"weight":0.3
				},
				{
					"id":"PARAM_ANGLE_Z",
					"ptype":"angle",
					"scale":0.5,
					"weight":1
				},
				{
					"id":"PARAM_BODY_ANGLE_Z",
					"ptype":"angle",
					"scale":0.5,
					"weight":1
				}
			],
			"targets":[
				{
					"id":"PARAM_HAIR_S_1__3",
					"ptype":"angle",
					"scale":0.6,
					"weight":1
				},
				{
					"id":"PARAM_HAIR_S_2__3",
					"ptype":"angle",
					"scale":0.4,
					"weight":1
				},
				{
					"id":"PARAM_HAIR_S_1__Y_3",
					"ptype":"angle",
					"scale":0.4,
					"weight":1
				}
			]
		},
		{
			"label":"HairS3_1",
			"setup":{
				"length":0.3,
				"regist":0.3,
				"mass":0.1
			},
			"src":[
				{
					"id":"PARAM_ANGLE_X",
					"ptype":"x",
					"scale":0.01,
					"weight":0.8
				},
				{
					"id":"PARAM_ANGLE_Z",
					"ptype":"x",
					"scale":0.01,
					"weight":0.5
				},
				{
					"id":"PARAM_ALL__X",
					"ptype":"x",
					"scale":0.2,
					"weight":0.3
				},
				{
					"id":"PARAM_ANGLE_Z",
					"ptype":"angle",
					"scale":0.5,
					"weight":1
				},
				{
					"id":"PARAM_BODY_ANGLE_Z",
					"ptype":"angle",
					"scale":0.5,
					"weight":1
				}
			],
			"targets":[
				{
					"id":"PARAMHAIR_B_1__5__1",
					"ptype":"angle",
					"scale":0.3,
					"weight":1
				}
			]
		},
		{
			"label":"HairS3_2",
			"setup":{
				"length":0.27,
				"regist":0.29,
				"mass":0.11
			},
			"src":[
				{
					"id":"PARAM_ANGLE_X",
					"ptype":"x",
					"scale":0.01,
					"weight":0.8
				},
				{
					"id":"PARAM_ANGLE_Z",
					"ptype":"x",
					"scale":0.01,
					"weight":0.5
				},
				{
					"id":"PARAM_ALL__X",
					"ptype":"x",
					"scale":0.2,
					"weight":0.3
				},
				{
					"id":"PARAM_ANGLE_Z",
					"ptype":"angle",
					"scale":0.5,
					"weight":1
				},
				{
					"id":"PARAM_BODY_ANGLE_Z",
					"ptype":"angle",
					"scale":0.5,
					"weight":1
				}
			],
			"targets":[
				{
					"id":"PARAM_HAIR_B_1__5__2",
					"ptype":"angle",
					"scale":0.5,
					"weight":1
				}
			]
		},
		{
			"label":"HairS3_3",
			"setup":{
				"length":0.25,
				"regist":0.27,
				"mass":0.11
			},
			"src":[
				{
					"id":"PARAM_ANGLE_X",
					"ptype":"x",
					"scale":0.01,
					"weight":0.8
				},
				{
					"id":"PARAM_ANGLE_Z",
					"ptype":"x",
					"scale":0.01,
					"weight":0.5
				},
				{
					"id":"PARAM_ALL__X",
					"ptype":"x",
					"scale":0.2,
					"weight":0.3
				},
				{
					"id":"PARAM_ANGLE_Z",
					"ptype":"angle",
					"scale":0.5,
					"weight":1
				},
				{
					"id":"PARAM_BODY_ANGLE_Z",
					"ptype":"angle",
					"scale":0.5,
					"weight":1
				}
			],
			"targets":[
				{
					"id":"PARAM_HAIR_B_1__5__4",
					"ptype":"angle",
					"scale":0.5,
					"weight":1
				}
			]
		},
		{
			"label":"Piao1",
			"setup":{
				"length":0.5,
				"regist":0.4,
				"mass":0.2
			},
			"src":[
				{
					"id":"PARAM_BODY_ANGLE_X",
					"ptype":"x",
					"scale":0.02,
					"weight":0.5
				},
				{
					"id":"PARAM__ALL__X",
					"ptype":"x",
					"scale":0.05,
					"weight":0.5
				},
				{
					"id":"PARAM_BODY_ANGLE_Z",
					"ptype":"angle",
					"scale":1,
					"weight":1
				}
			],
			"targets":[
				{
					"id":"PARAM_PIAO_1",
					"ptype":"angle",
					"scale":0.8,
					"weight":1
				}
			]
		},
		{
			"label":"Piao2",
			"setup":{
				"length":0.4,
				"regist":0.3,
				"mass":0.25
			},
			"src":[
				{
					"id":"PARAM_BODY_ANGLE_X",
					"ptype":"x",
					"scale":0.02,
					"weight":0.5
				},
				{
					"id":"PARAM__ALL__X",
					"ptype":"x",
					"scale":0.05,
					"weight":0.5
				},
				{
					"id":"PARAM_BODY_ANGLE_Z",
					"ptype":"angle",
					"scale":1,
					"weight":1
				}
			],
			"targets":[
				{
					"id":"PARAM_PIAO_2",
					"ptype":"angle",
					"scale":0.5,
					"weight":1
				}
			]
		},
		{
			"label":"Hudiejie1",
			"setup":{
				"length":0.5,
				"regist":0.3,
				"mass":0.2
			},
			"src":[
				{
					"id":"PARAM_BODY_ANGLE_X",
					"ptype":"x",
					"scale":0.02,
					"weight":0.5
				},
				{
					"id":"PARAM__ALL__X",
					"ptype":"x",
					"scale":0.05,
					"weight":0.5
				},
				{
					"id":"PARAM_BODY_ANGLE_Z",
					"ptype":"angle",
					"scale":1,
					"weight":1
				}
			],
			"targets":[
				{
					"id":"PARAM_HUDIEJIE_1",
					"ptype":"angle",
					"scale":0.8,
					"weight":1
				}
			]
		},
		{
			"label":"HudiejieY",
			"setup":{
				"length":0.5,
				"regist":0.4,
				"mass":0.1
			},
			"src":[
				{
					"id":"PARAM__ALL__Y",
					"ptype":"x",
					"scale":0.01,
					"weight":0.5
				},
				{
					"id":"PARAM_BODY_ANGLE_Y",
					"ptype":"x",
					"scale":0.01,
					"weight":0.5
				},
				{
					"id":"PARAM_BODY_ANGLE_Z",
					"ptype":"x",
					"scale":0.05,
					"weight":0.5
				},
				{
					"id":"PARAM_BODY_Y",
					"ptype":"x",
					"scale":0.01,
					"weight":0.5
				}
			],
			"targets":[
				{
					"id":"PARAM_HUDIEJIE_2",
					"ptype":"angle",
					"scale":0.75,
					"weight":1
				}
			]
		},
		{
			"label":"OPPAI_X",
			"setup":{
				"length":0.2,
				"regist":0.4,
				"mass":0.1
			},
			"src":[
				{
					"id":"PARAM_BODY_ANGLE_X",
					"ptype":"x",
					"scale":0.02,
					"weight":0.5
				},
				{
					"id":"PARAM__ALL__X",
					"ptype":"x",
					"scale":0.05,
					"weight":0.5
				},
				{
					"id":"PARAM_BODY_ANGLE_Z",
					"ptype":"angle",
					"scale":1,
					"weight":1
				}
			],
			"targets":[
				{
					"id":"PARAM_OPPAI_X",
					"ptype":"angle",
					"scale":0.25,
					"weight":1
				}
			]
		},
		{
			"label":"OPPAI_Y",
			"setup":{
				"length":0.5,
				"regist":0.4,
				"mass":0.1
			},
			"src":[
				{
					"id":"PARAM__ALL__Y",
					"ptype":"x",
					"scale":0.01,
					"weight":0.5
				},
				{
					"id":"PARAM_BODY_ANGLE_Y",
					"ptype":"x",
					"scale":0.01,
					"weight":0.5
				},
				{
					"id":"PARAM_BODY_ANGLE_Z",
					"ptype":"x",
					"scale":0.05,
					"weight":0.5
				},
				{
					"id":"PARAM_BODY__DE",
					"ptype":"x",
					"scale":0.01,
					"weight":0.5
				}
			],
			"targets":[
				{
					"id":"PARAM_OPPAI_Y",
					"ptype":"angle",
					"scale":0.5,
					"weight":1
				}
			]
		},
		{
			"label":"1_HairF1",
			"setup":{
				"length":0.3,
				"regist":0.2,
				"mass":0.1
			},
			"src":[
				{
					"id":"PARAM_TIANSHI__ANGLE__X",
					"ptype":"x",
					"scale":0.1,
					"weight":0.8
				},
				{
					"id":"PARAM_TIANSHI__HEAD__Z",
					"ptype":"x",
					"scale":0.1,
					"weight":0.5
				},
				{
					"id":"PARAM_TIANSHI_X",
					"ptype":"x",
					"scale":0.2,
					"weight":0.3
				},
				{
					"id":"PARAM_ANGLE_Z",
					"ptype":"angle",
					"scale":0.5,
					"weight":1
				},
				{
					"id":"PARAM_TIANSHI_Z",
					"ptype":"angle",
					"scale":0.5,
					"weight":1
				}
			],
			"targets":[
				{
					"id":"PARAM_TIANSHI__HAIR_F_1__1",
					"ptype":"angle",
					"scale":0.2,
					"weight":1
				},
				{
					"id":"PARAM_TIANSHI__HAIR_F_2__1",
					"ptype":"angle",
					"scale":0.2,
					"weight":1
				},
				{
					"id":"PARAM_TIANSHI__HAIR_B_1__1",
					"ptype":"angle",
					"scale":0.2,
					"weight":1
				}
			]
		},
		{
			"label":"1_HairF2",
			"setup":{
				"length":0.27,
				"regist":0.29,
				"mass":0.11
			},
			"src":[
				{
					"id":"PARAM_TIANSHI_X",
					"ptype":"x",
					"scale":0.01,
					"weight":0.8
				},
				{
					"id":"PARAM_TIANSHI__HEAD__Z",
					"ptype":"x",
					"scale":0.01,
					"weight":0.5
				},
				{
					"id":"PARAM_TIANSHI_X",
					"ptype":"x",
					"scale":0.2,
					"weight":0.3
				},
				{
					"id":"PARAM_ANGLE_Z",
					"ptype":"angle",
					"scale":0.5,
					"weight":1
				},
				{
					"id":"PARAM_BODY_ANGLE_Z",
					"ptype":"angle",
					"scale":0.5,
					"weight":1
				}
			],
			"targets":[
				{
					"id":"PARAM_TIANSHI__HAIR_F_1__2",
					"ptype":"angle",
					"scale":0.2,
					"weight":1
				},
				{
					"id":"PARAM_TIANSHI__HAIR_F_2__2",
					"ptype":"angle",
					"scale":0.2,
					"weight":1
				},
				{
					"id":"PARAM_TIANSHI__HAIR_B_1__2",
					"ptype":"angle",
					"scale":0.2,
					"weight":1
				}
			]
		},
		{
			"label":"2_HairF1",
			"setup":{
				"length":0.3,
				"regist":0.2,
				"mass":0.1
			},
			"src":[
				{
					"id":"PARAM_ANGLE_X",
					"ptype":"x",
					"scale":0.01,
					"weight":0.8
				},
				{
					"id":"PARAM_ANGLE_Z",
					"ptype":"x",
					"scale":0.01,
					"weight":0.5
				},
				{
					"id":"PARAM_ALL__X",
					"ptype":"x",
					"scale":0.2,
					"weight":0.3
				},
				{
					"id":"PARAM_ANGLE_Z",
					"ptype":"angle",
					"scale":0.5,
					"weight":1
				},
				{
					"id":"PARAM_BODY_ANGLE_Z",
					"ptype":"angle",
					"scale":0.5,
					"weight":1
				}
			],
			"targets":[
				{
					"id":"PARAM_EMO__HAIR_F_1__1",
					"ptype":"angle",
					"scale":0.5,
					"weight":1
				},
				{
					"id":"PARAM_EMO__HAIR_B_1__1",
					"ptype":"angle",
					"scale":0.5,
					"weight":1
				},
				{
					"id":"PARAM_EMO__HAIR_B_2__1",
					"ptype":"angle",
					"scale":0.5,
					"weight":1
				}
			]
		}
	]
}