{
	"version":"Sample 1.0.0",
	"model": "Nindi.moc",
	"textures": [
		"Nindi.2048/texture_00.png"
	],
	"motions":{
		"flick_head":[
			{"file":"motions/2_JP.mtn","sound":"Ev_Cv_Partner_Live2D_1276_004_Jp","text":155189,"sound_delay":0}
		],
		"tap_face":[
			{"file":"motions/1_JP.mtn","sound":"Ev_Cv_Partner_Live2D_1276_020_Jp","text":155188,"sound_delay":2}
		],
		"tap_breast":[
			{"file":"motions/4_JP.mtn","sound":"Ev_Cv_Partner_Live2D_1276_002_Jp","text":155191,"sound_delay":0}
		],
		"tap_leg":[
			{"file":"motions/4_JP.mtn","sound":"Ev_Cv_Partner_Live2D_1276_002_Jp","text":155191,"sound_delay":0}
		],
		"tap_belly":[
			{"file":"motions/3_JP.mtn","sound":"Ev_Cv_Partner_Live2D_1276_005_Jp","text":155190,"sound_delay":0}
		],
		"mail":[
			{"file":"motions/idle.mtn"}
		],
		"idle":[
			{"file":"motions/5_JP.mtn","sound":"Ev_Cv_Partner_Live2D_1276_009_Jp","text":155192,"sound_delay":0},
			{"file":"motions/6_JP.mtn","sound":"Ev_Cv_Partner_Live2D_1276_003_Jp","text":155193,"sound_delay":0},
			{"file":"motions/idle.mtn"}
		],
		"shake":[
			{"file":"motions/7_JP.mtn","sound":"Ev_Cv_Partner_Live2D_1276_001_Jp","text":155194,"sound_delay":0}
		],
		"activity":[
			{"file":"motions/idle.mtn"}
		],
		"born":[
			{"file":"motions/5_JP.mtn","sound":"Ev_Cv_Partner_Live2D_1276_009_Jp","text":155192,"sound_delay":0}
		],
		"friend":[
			{"file":"motions/idle.mtn"}
		],
		"morning":[
			{"file":"motions/idle.mtn"}
		],
		"afternoon":[
			{"file":"motions/idle.mtn"}
		],
		"evening":[
			{"file":"motions/idle.mtn"}
		]
	},
	"physics":"physics.json",
	"project_settings":"embed://111.json",
	"layout":
	{
		"image_height": 1060,
		"image_center_y": 0.57,
		"head_center_y": 0.25,
		"time_to_max_speed": 0.08,
		"face_max_angle": 20
	},
	"hit_areas":
	[
		{"name":"head", "id":"D_CORE_HEAD"},
		{"name":"face", "id":"D_CORE_FACE"},
		{"name":"breast", "id":"D_CORE_BREAST"},
		{"name":"belly", "id":"D_CORE_BELLY"},
		{"name":"leg", "id":"D_CORE_LEG"}
	],
	"motion_settings":
	{
		"idle":{"cd":20},
		"morning":{"cd":3600},
		"afternoon":{"cd":3600},
		"evening":{"cd":3600},
		"activity":{"cd":3600},
		"friend":{"cd":18000},
		"mail":{"cd":18000},
		"tap_breast":{"cd":10},
		"tap_belly":{"cd":10},
		"tap_leg":{"cd":10},
		"tap_face":{"cd":10},
		"flick_head":{"cd":20},
		"shake":{"cd":60},
		"born":{"cd":60}
	}
}