{
	"DEFAULT":{
		"PARAMS":{
			"PARAM_EYE_SMILE":0,
			"PARAM_EYE_R_OPEN":1,
			"PARAM_EYE_L_OPEN":1,
			"PARAM_EYE_BALL_Y":0,
			"PARAM_EYE_BALL_SIZE":0,
			"PARAM_BROW_R_Y":0,
			"PARAM_BROW_R_X":0,
			"PARAM_BROW_L_X":0,
			"PARAM_BROW_L_ANGLE":0,
			"PARAM_BROW_R_ANGLE":0,
			"PARAM_BROW_L_FORM":0,
			"PARAM_BROW_R_FORM":0,
			"PARAM_MOUTH_FORM":0,
			"PARAM_MOUTH_OPEN_Y":0,
			"PARAM_CHEEK":0
		}
	},
	"f01.exp.json":{
		"FADE_IN":500,
		"FADE_OUT":500,
		"PARAMS":{
			"PARAM_EYE_SMILE":0,
			"PARAM_EYE_R_OPEN":1,
			"PARAM_EYE_L_OPEN":1,
			"PARAM_EYE_BALL_Y":0,
			"PARAM_EYE_BALL_SIZE":0,
			"PARAM_BROW_R_Y":0,
			"PARAM_BROW_R_X":0,
			"PARAM_BROW_L_X":0,
			"PARAM_BROW_L_ANGLE":0,
			"PARAM_BROW_R_ANGLE":0,
			"PARAM_BROW_L_FORM":0,
			"PARAM_BROW_R_FORM":0,
			"PARAM_MOUTH_FORM":0,
			"PARAM_MOUTH_OPEN_Y":0,
			"PARAM_CHEEK":0
		}
	},
	"f02.exp.json":{
		"FADE_IN":500,
		"FADE_OUT":500,
		"PARAMS":{
			"PARAM_EYE_SMILE":0,
			"PARAM_EYE_R_OPEN":0.81,
			"PARAM_EYE_L_OPEN":0.81,
			"PARAM_EYE_BALL_Y":-0.17,
			"PARAM_EYE_BALL_SIZE":-5,
			"PARAM_BROW_R_Y":0,
			"PARAM_BROW_R_X":-1,
			"PARAM_BROW_L_X":-1,
			"PARAM_BROW_L_ANGLE":1,
			"PARAM_BROW_R_ANGLE":1,
			"PARAM_BROW_L_FORM":-1,
			"PARAM_BROW_R_FORM":-1,
			"PARAM_MOUTH_FORM":-0.79,
			"PARAM_MOUTH_OPEN_Y":0,
			"PARAM_CHEEK":-0.49
		}
	},
	"f03.exp.json":{
		"FADE_IN":500,
		"FADE_OUT":500,
		"PARAMS":{
			"PARAM_EYE_SMILE":0.16,
			"PARAM_EYE_R_OPEN":0.68,
			"PARAM_EYE_L_OPEN":0.68,
			"PARAM_EYE_BALL_Y":-0.25,
			"PARAM_EYE_BALL_SIZE":-5,
			"PARAM_BROW_R_Y":0,
			"PARAM_BROW_R_X":-1,
			"PARAM_BROW_L_X":-1,
			"PARAM_BROW_L_ANGLE":-0.49,
			"PARAM_BROW_R_ANGLE":-0.49,
			"PARAM_BROW_L_FORM":-0.8,
			"PARAM_BROW_R_FORM":-0.8,
			"PARAM_MOUTH_FORM":-0.33,
			"PARAM_MOUTH_OPEN_Y":0,
			"PARAM_CHEEK":-0.49
		}
	},
	"f05.exp.json":{
		"FADE_IN":500,
		"FADE_OUT":500,
		"PARAMS":{
			"PARAM_EYE_SMILE":0,
			"PARAM_EYE_R_OPEN":1,
			"PARAM_EYE_L_OPEN":1,
			"PARAM_EYE_BALL_Y":-0.13,
			"PARAM_EYE_BALL_SIZE":0,
			"PARAM_BROW_R_Y":0.01,
			"PARAM_BROW_R_X":-0.04,
			"PARAM_BROW_L_X":0,
			"PARAM_BROW_L_ANGLE":0,
			"PARAM_BROW_R_ANGLE":0.01,
			"PARAM_BROW_L_FORM":1,
			"PARAM_BROW_R_FORM":1,
			"PARAM_MOUTH_FORM":1,
			"PARAM_MOUTH_OPEN_Y":0,
			"PARAM_CHEEK":-0.49
		}
	},
	"f06.exp.json":{
		"FADE_IN":500,
		"FADE_OUT":500,
		"PARAMS":{
			"PARAM_EYE_SMILE":-0.34,
			"PARAM_EYE_R_OPEN":0,
			"PARAM_EYE_L_OPEN":0,
			"PARAM_EYE_BALL_Y":-0.13,
			"PARAM_EYE_BALL_SIZE":0,
			"PARAM_BROW_R_Y":0.01,
			"PARAM_BROW_R_X":-0.04,
			"PARAM_BROW_L_X":0,
			"PARAM_BROW_L_ANGLE":0,
			"PARAM_BROW_R_ANGLE":0.01,
			"PARAM_BROW_L_FORM":1,
			"PARAM_BROW_R_FORM":1,
			"PARAM_MOUTH_FORM":1,
			"PARAM_MOUTH_OPEN_Y":0.85,
			"PARAM_CHEEK":-0.49
		}
	},
	"f07.exp.json":{
		"FADE_IN":500,
		"FADE_OUT":500,
		"PARAMS":{
			"PARAM_EYE_SMILE":0,
			"PARAM_EYE_R_OPEN":1,
			"PARAM_EYE_L_OPEN":1,
			"PARAM_EYE_BALL_Y":0,
			"PARAM_EYE_BALL_SIZE":0,
			"PARAM_BROW_R_Y":0,
			"PARAM_BROW_R_X":0,
			"PARAM_BROW_L_X":0,
			"PARAM_BROW_L_ANGLE":0,
			"PARAM_BROW_R_ANGLE":0,
			"PARAM_BROW_L_FORM":0,
			"PARAM_BROW_R_FORM":0,
			"PARAM_MOUTH_FORM":0,
			"PARAM_MOUTH_OPEN_Y":0,
			"PARAM_CHEEK":1
		}
	}
}