{
	"type":"Live2D Expression",
	"fade_in":500,
	"fade_out":500,
	"params":[
		{"id":"PARAM_EYE_R_OPEN","val":0.81,"def":1},
		{"id":"PARAM_EYE_L_OPEN","val":0.81,"def":1},
		{"id":"PARAM_EYE_BALL_Y","val":-0.17},
		{"id":"PARAM_EYE_BALL_SIZE","val":-5},
		{"id":"PARAM_BROW_R_X","val":-1},
		{"id":"PARAM_BROW_L_X","val":-1},
		{"id":"PARAM_BROW_L_ANGLE","val":1},
		{"id":"PARAM_BROW_R_ANGLE","val":1},
		{"id":"PARAM_BROW_L_FORM","val":-1},
		{"id":"PARAM_BROW_R_FORM","val":-1},
		{"id":"PARAM_MOUTH_FORM","val":-0.79},
		{"id":"PARAM_CHEEK","val":-0.49}
	]
}