{
	"type":"Live2D Expression",
	"fade_in":500,
	"fade_out":500,
	"params":[
		{"id":"PARAM_EYE_SMILE","val":0.16},
		{"id":"PARAM_EYE_R_OPEN","val":0.68,"def":1},
		{"id":"PARAM_EYE_L_OPEN","val":0.68,"def":1},
		{"id":"PARAM_EYE_BALL_Y","val":-0.25},
		{"id":"PARAM_EYE_BALL_SIZE","val":-5},
		{"id":"PARAM_BROW_R_X","val":-1},
		{"id":"PARAM_BROW_L_X","val":-1},
		{"id":"PARAM_BROW_L_ANGLE","val":-0.49},
		{"id":"PARAM_BROW_R_ANGLE","val":-0.49},
		{"id":"PARAM_BROW_L_FORM","val":-0.8},
		{"id":"PARAM_BROW_R_FORM","val":-0.8},
		{"id":"PARAM_MOUTH_FORM","val":-0.33},
		{"id":"PARAM_CHEEK","val":-0.49}
	]
}