{
	"type":"Live2D Expression",
	"fade_in":500,
	"fade_out":500,
	"params":[
		{"id":"PARAM_EYE_SMILE","val":-0.34},
		{"id":"PARAM_EYE_R_OPEN","val":0,"def":1},
		{"id":"PARAM_EYE_L_OPEN","val":0,"def":1},
		{"id":"PARAM_EYE_BALL_Y","val":-0.13},
		{"id":"PARAM_BROW_R_Y","val":0.01},
		{"id":"PARAM_BROW_R_X","val":-0.04},
		{"id":"PARAM_BROW_R_ANGLE","val":0.01},
		{"id":"PARAM_BROW_L_FORM","val":1},
		{"id":"PARAM_BROW_R_FORM","val":1},
		{"id":"PARAM_MOUTH_FORM","val":1},
		{"id":"PARAM_MOUTH_OPEN_Y","val":0.85},
		{"id":"PARAM_CHEEK","val":-0.49}
	]
}