{
	"type":"Live2D Physics",
	"physics_hair":[
		{
			"label":"Hair_Front01",
			"setup":{
				"length":0.3,
				"regist":0.3,
				"mass":0.1
			},
			"src":[
				{
					"id":"PARAM_ANGLE_X",
					"ptype":"x",
					"scale":0.01,
					"weight":0.8
				},
				{
					"id":"PARAM_ANGLE_Z",
					"ptype":"x",
					"scale":0.01,
					"weight":0.5
				},
				{
					"id":"PARAM_ALL__X",
					"ptype":"x",
					"scale":0.2,
					"weight":0.3
				},
				{
					"id":"PARAM_ANGLE_Z",
					"ptype":"angle",
					"scale":0.5,
					"weight":1
				},
				{
					"id":"PARAM_BODY_ANGLE_Z",
					"ptype":"angle",
					"scale":0.5,
					"weight":1
				}
			],
			"targets":[
				{
					"id":"PARAM_HAIR_FRONT_1",
					"ptype":"angle",
					"scale":0.02,
					"weight":1
				}
			]
		},
		{
			"label":"Hair_Side01",
			"setup":{
				"length":0.5,
				"regist":0.5,
				"mass":0.2
			},
			"src":[
				{
					"id":"PARAM_ANGLE_X",
					"ptype":"x",
					"scale":0.009,
					"weight":0.5
				},
				{
					"id":"PARAM_ANGLE_Z",
					"ptype":"x",
					"scale":0.001,
					"weight":0.2
				},
				{
					"id":"PARAM_BODY_ANGLE_Z",
					"ptype":"angle",
					"scale":0.5,
					"weight":0.5
				},
				{
					"id":"PARAM_ANGLE_Z",
					"ptype":"angle",
					"scale":0.5,
					"weight":1
				},
				{
					"id":"PARAM_ALL__X",
					"ptype":"x",
					"scale":0.1,
					"weight":0.3
				}
			],
			"targets":[
				{
					"id":"PARAM_HAIR_S_1_DE_1",
					"ptype":"angle",
					"scale":0.01,
					"weight":1
				}
			]
		},
		{
			"label":"Hair_Back01",
			"setup":{
				"length":0.5,
				"regist":0.7,
				"mass":0.2
			},
			"src":[
				{
					"id":"PARAM_ANGLE_X",
					"ptype":"x",
					"scale":0.01,
					"weight":0.7
				},
				{
					"id":"PARAM_ANGLE_Z",
					"ptype":"x",
					"scale":0.01,
					"weight":0.5
				},
				{
					"id":"PARAM_ALL__X",
					"ptype":"x",
					"scale":0.2,
					"weight":0.3
				},
				{
					"id":"PARAM_BODY_ANGLE_Z",
					"ptype":"angle",
					"scale":0.5,
					"weight":0.5
				},
				{
					"id":"PARAM_ANGLE_Z",
					"ptype":"angle",
					"scale":0.5,
					"weight":1
				}
			],
			"targets":[
				{
					"id":"PARAM_HAIR_BACK_1",
					"ptype":"angle",
					"scale":0.015,
					"weight":1
				}
			]
		},
		{
			"label":"Hair_Moe_X",
			"setup":{
				"length":0.5,
				"regist":0.3,
				"mass":0.1
			},
			"src":[
				{
					"id":"PARAM_ANGLE_X",
					"ptype":"x",
					"scale":0.004,
					"weight":0.5
				},
				{
					"id":"PARAM_ANGLE_Z",
					"ptype":"x",
					"scale":0.008,
					"weight":0.5
				},
				{
					"id":"PARAM_ALL_MOVE",
					"ptype":"x",
					"scale":0.1,
					"weight":0.5
				},
				{
					"id":"PARAM_BODY_ANGLE_Z",
					"ptype":"angle",
					"scale":0.5,
					"weight":0.5
				},
				{
					"id":"PARAM_ANGLE_Z",
					"ptype":"angle",
					"scale":1,
					"weight":1
				}
			],
			"targets":[
				{
					"id":"PARAM_HAIR_MOVE_MOE_X",
					"ptype":"angle",
					"scale":0.04,
					"weight":1
				}
			]
		},
		{
			"label":"DING_DE",
			"setup":{
				"length":0.5,
				"regist":0.35,
				"mass":0.1
			},
			"src":[
				{
					"id":"PARAM_BODY_ANGLE_X",
					"ptype":"x",
					"scale":0.02,
					"weight":0.5
				},
				{
					"id":"PARAM_ALL_MOVE",
					"ptype":"x",
					"scale":0.05,
					"weight":0.5
				},
				{
					"id":"PARAM_BODY_ANGLE_Z",
					"ptype":"angle",
					"scale":1,
					"weight":1
				}
			],
			"targets":[
				{
					"id":"PARAM_NECK_04_DE",
					"ptype":"angle",
					"scale":0.7,
					"weight":1
				}
			]
		},
		{
			"label":"DING_DE2",
			"setup":{
				"length":0.35,
				"regist":0.15,
				"mass":0.07
			},
			"src":[
				{
					"id":"PARAM_BCY_ALLMOVE_X",
					"ptype":"x",
					"scale":0.02,
					"weight":0.5
				},
				{
					"id":"PARAM_BODY_ANGLE_X",
					"ptype":"x",
					"scale":0.02,
					"weight":1
				}
			],
			"targets":[
				{
					"id":"PARAM_NECK_04_DE_2",
					"ptype":"angle",
					"scale":0.4,
					"weight":1
				}
			]
		},
		{
			"label":"HAIR_MOE_Y",
			"setup":{
				"length":0.3,
				"regist":0.5,
				"mass":0.1
			},
			"src":[
				{
					"id":"PARAM_ANGLE_Y",
					"ptype":"x",
					"scale":0.008,
					"weight":0.5
				},
				{
					"id":"PARAM_ALL_MOVE_Y",
					"ptype":"x",
					"scale":0.08,
					"weight":0.5
				},
				{
					"id":"PARAM_BODY_FB",
					"ptype":"x",
					"scale":0.05,
					"weight":0.5
				},
				{
					"id":"PARAM_ANGLE_Z",
					"ptype":"x",
					"scale":0.01,
					"weight":0.5
				}
			],
			"targets":[
				{
					"id":"PARAM_HAIR_MOVE_MOE_Y",
					"ptype":"angle",
					"scale":0.01,
					"weight":1
				}
			]
		},
		{
			"label":"HAIR_FRONT_Y",
			"setup":{
				"length":0.3,
				"regist":0.5,
				"mass":0.2
			},
			"src":[
				{
					"id":"PARAM_ANGLE_Y",
					"ptype":"x",
					"scale":0.03,
					"weight":0.5
				},
				{
					"id":"PARAM_BODY_Y",
					"ptype":"x",
					"scale":0.01,
					"weight":0.2
				},
				{
					"id":"PARAM_ALL__Y",
					"ptype":"x",
					"scale":0.015,
					"weight":0.5
				},
				{
					"id":"PARAM_ANGLE_Z",
					"ptype":"x",
					"scale":0.05,
					"weight":0.5
				}
			],
			"targets":[
				{
					"id":"PARAM_HAIR_F_1_DE_Y",
					"ptype":"angle",
					"scale":0.008,
					"weight":1
				}
			]
		},
		{
			"label":"HAIR_SIDE_Y",
			"setup":{
				"length":0.3,
				"regist":0.5,
				"mass":0.2
			},
			"src":[
				{
					"id":"PARAM_ANGLE_Y",
					"ptype":"x",
					"scale":0.03,
					"weight":0.5
				},
				{
					"id":"PARAM_BODY_Y",
					"ptype":"x",
					"scale":0.01,
					"weight":0.5
				},
				{
					"id":"PARAM_ALL__Y",
					"ptype":"x",
					"scale":0.01,
					"weight":0.5
				},
				{
					"id":"PARAM_ANGLE_Z",
					"ptype":"x",
					"scale":0.05,
					"weight":0.5
				}
			],
			"targets":[
				{
					"id":"PARAM_HAIR_S_1_DE_Y",
					"ptype":"angle",
					"scale":0.2,
					"weight":1
				},
				{
					"id":"PARAM_HAIR_S_2_DE_Y",
					"ptype":"angle",
					"scale":0.2,
					"weight":1
				},
				{
					"id":"PARAM_HAIR_S_5_DE_Y",
					"ptype":"angle",
					"scale":0.2,
					"weight":1
				}
			]
		},
		{
			"label":"HAIR_BACK_Y",
			"setup":{
				"length":0.3,
				"regist":0.5,
				"mass":0.2
			},
			"src":[
				{
					"id":"PARAM_ANGLE_Y",
					"ptype":"x",
					"scale":0.01,
					"weight":0.5
				},
				{
					"id":"PARAM_BODY_Y",
					"ptype":"x",
					"scale":0.01,
					"weight":0.5
				},
				{
					"id":"PARAM_ALL__Y",
					"ptype":"x",
					"scale":0.5,
					"weight":0.5
				},
				{
					"id":"PARAM_ANGLE_Z",
					"ptype":"x",
					"scale":0.05,
					"weight":0.5
				}
			],
			"targets":[
				{
					"id":"PARAM_BODY_B_1_R_DE_1",
					"ptype":"angle",
					"scale":0.03,
					"weight":1
				}
			]
		},
		{
			"label":"DING_Y",
			"setup":{
				"length":0.3,
				"regist":0.5,
				"mass":0.2
			},
			"src":[
				{
					"id":"PARAM_BODY_FB",
					"ptype":"x",
					"scale":0.01,
					"weight":0.5
				},
				{
					"id":"PARAM_ALL_Y",
					"ptype":"x",
					"scale":0.005,
					"weight":0.5
				},
				{
					"id":"PARAM_BODY_ANGLE_Y",
					"ptype":"x",
					"scale":0.01,
					"weight":0.5
				},
				{
					"id":"PARAM_BODY_ANGLE_Z",
					"ptype":"x",
					"scale":0.05,
					"weight":0.5
				}
			],
			"targets":[
				{
					"id":"PARAM_NECK_04_DE_Y",
					"ptype":"angle",
					"scale":0.3,
					"weight":1
				}
			]
		},
		{
			"label":"BF_DE",
			"setup":{
				"length":0.5,
				"regist":0.5,
				"mass":0.3
			},
			"src":[
				{
					"id":"PARAM_BODY_ANGLE_X",
					"ptype":"x",
					"scale":0.02,
					"weight":0.5
				},
				{
					"id":"PARAM_ALL_MOVE",
					"ptype":"x",
					"scale":0.05,
					"weight":0.5
				},
				{
					"id":"PARAM_BODY_ANGLE_Z",
					"ptype":"angle",
					"scale":1,
					"weight":1
				}
			],
			"targets":[
				{
					"id":"PARAM_BODY_DE_X",
					"ptype":"angle",
					"scale":0.5,
					"weight":1
				}
			]
		},
		{
			"label":"BF_DE2",
			"setup":{
				"length":0.5,
				"regist":0.3,
				"mass":0.2
			},
			"src":[
				{
					"id":"PARAM_BODY_ANGLE_X",
					"ptype":"x",
					"scale":0.02,
					"weight":1
				}
			],
			"targets":[
				{
					"id":"PARAM_BF_02_D_E",
					"ptype":"angle",
					"scale":0.01,
					"weight":1
				}
			]
		},
		{
			"label":"Hair_Back00",
			"setup":{
				"length":0.5,
				"regist":0.6,
				"mass":0.2
			},
			"src":[
				{
					"id":"PARAM_ANGLE_X",
					"ptype":"x",
					"scale":0.01,
					"weight":0.7
				},
				{
					"id":"PARAM_ANGLE_Z",
					"ptype":"x",
					"scale":0.01,
					"weight":0.5
				},
				{
					"id":"PARAM_ALL_MOVE",
					"ptype":"x",
					"scale":1,
					"weight":0.3
				},
				{
					"id":"PARAM_BODY_ANGLE_Z",
					"ptype":"angle",
					"scale":1,
					"weight":0.5
				},
				{
					"id":"PARAM_ANGLE_Z",
					"ptype":"angle",
					"scale":1,
					"weight":1
				}
			],
			"targets":[
				{
					"id":"PARAM_HAIR_MOVE_BACK0",
					"ptype":"angle",
					"scale":0.07,
					"weight":1
				}
			]
		},
		{
			"label":"Hair_Back02",
			"setup":{
				"length":0.5,
				"regist":0.65,
				"mass":0.2
			},
			"src":[
				{
					"id":"PARAM_ANGLE_X",
					"ptype":"x",
					"scale":0.01,
					"weight":0.7
				},
				{
					"id":"PARAM_ANGLE_Z",
					"ptype":"x",
					"scale":0.01,
					"weight":0.5
				},
				{
					"id":"PARAM_ALL_MOVE",
					"ptype":"x",
					"scale":1,
					"weight":0.3
				},
				{
					"id":"PARAM_BODY_ANGLE_Z",
					"ptype":"angle",
					"scale":0.3,
					"weight":0.5
				},
				{
					"id":"PARAM_ANGLE_Z",
					"ptype":"angle",
					"scale":0.3,
					"weight":1
				}
			],
			"targets":[
				{
					"id":"PARAM_HAIR_B_2_DE_2",
					"ptype":"angle",
					"scale":0.3,
					"weight":1
				}
			]
		},
		{
			"label":"DRESS_X",
			"setup":{
				"length":0.5,
				"regist":0.4,
				"mass":0.2
			},
			"src":[
				{
					"id":"PARAM_BODY_ANGLE_X",
					"ptype":"x",
					"scale":0.02,
					"weight":0.5
				},
				{
					"id":"PARAM_ALL__X",
					"ptype":"x",
					"scale":0.05,
					"weight":0.5
				},
				{
					"id":"PARAM_BODY_ANGLE_Z",
					"ptype":"angle",
					"scale":1,
					"weight":1
				}
			],
			"targets":[
				{
					"id":"PARAM_DRESS_01__X",
					"ptype":"angle",
					"scale":0.5,
					"weight":1
				}
			]
		},
		{
			"label":"DRESS_Y",
			"setup":{
				"length":0.5,
				"regist":0.4,
				"mass":0.1
			},
			"src":[
				{
					"id":"PARAM_ALL__Y",
					"ptype":"x",
					"scale":0.01,
					"weight":0.5
				},
				{
					"id":"PARAM_BODY_ANGLE_Y",
					"ptype":"x",
					"scale":0.01,
					"weight":0.5
				},
				{
					"id":"PARAM_BODY_ANGLE_Z",
					"ptype":"x",
					"scale":0.05,
					"weight":0.5
				},
				{
					"id":"PARAM_BODY_Y",
					"ptype":"x",
					"scale":0.01,
					"weight":0.5
				}
			],
			"targets":[
				{
					"id":"PARAM_DRESS_01__Y",
					"ptype":"angle",
					"scale":0.75,
					"weight":1
				}
			]
		},
		{
			"label":"Hair_Side02",
			"setup":{
				"length":0.2,
				"regist":0.5,
				"mass":0.2
			},
			"src":[
				{
					"id":"PARAM_ANGLE_X",
					"ptype":"x",
					"scale":0.009,
					"weight":0.7
				},
				{
					"id":"PARAM_ANGLE_Z",
					"ptype":"x",
					"scale":0.001,
					"weight":0.5
				},
				{
					"id":"PARAM_BODY_ANGLE_Z",
					"ptype":"angle",
					"scale":1,
					"weight":0.5
				},
				{
					"id":"PARAM_ANGLE_Z",
					"ptype":"angle",
					"scale":1,
					"weight":1
				},
				{
					"id":"PARAM_ALL__X",
					"ptype":"x",
					"scale":0.5,
					"weight":0.5
				}
			],
			"targets":[
				{
					"id":"PARAM_HAIR_S_1_DE_2",
					"ptype":"angle",
					"scale":0.02,
					"weight":0.5
				}
			]
		},
		{
			"label":"Hair_Side3F",
			"setup":{
				"length":0.5,
				"regist":0.5,
				"mass":0.2
			},
			"src":[
				{
					"id":"PARAM_ANGLE_X",
					"ptype":"x",
					"scale":0.009,
					"weight":0.7
				},
				{
					"id":"PARAM_ANGLE_Z",
					"ptype":"x",
					"scale":0.001,
					"weight":0.5
				},
				{
					"id":"PARAM_ALL__X",
					"ptype":"x",
					"scale":0.2,
					"weight":0.3
				},
				{
					"id":"PARAM_BODY_ANGLE_Z",
					"ptype":"angle",
					"scale":1,
					"weight":0.5
				},
				{
					"id":"PARAM_ANGLE_Z",
					"ptype":"angle",
					"scale":1,
					"weight":1
				}
			],
			"targets":[
				{
					"id":"PARAM_HAIR_S_2_DE_1",
					"ptype":"angle",
					"scale":0.01,
					"weight":0.8
				}
			]
		},
		{
			"label":"Hair_Side3B",
			"setup":{
				"length":0.6,
				"regist":0.4,
				"mass":0.3
			},
			"src":[
				{
					"id":"PARAM_ANGLE_X",
					"ptype":"x",
					"scale":0.009,
					"weight":0.7
				},
				{
					"id":"PARAM_ANGLE_Z",
					"ptype":"x",
					"scale":0.001,
					"weight":0.5
				},
				{
					"id":"PARAM_ALL__X",
					"ptype":"x",
					"scale":0.2,
					"weight":0.3
				},
				{
					"id":"PARAM_BODY_ANGLE_Z",
					"ptype":"angle",
					"scale":1,
					"weight":0.5
				},
				{
					"id":"PARAM_ANGLE_Z",
					"ptype":"angle",
					"scale":1,
					"weight":1
				}
			],
			"targets":[
				{
					"id":"PARAM_HAIR_S_2_DE_2",
					"ptype":"angle",
					"scale":0.015,
					"weight":1
				}
			]
		},
		{
			"label":"Hair_Side4",
			"setup":{
				"length":0.6,
				"regist":0.4,
				"mass":0.2
			},
			"src":[
				{
					"id":"PARAM_ANGLE_X",
					"ptype":"x",
					"scale":0.04,
					"weight":0.5
				},
				{
					"id":"PARAM_ANGLE_Z",
					"ptype":"x",
					"scale":0.02,
					"weight":0.5
				},
				{
					"id":"PARAM_ALL__X",
					"ptype":"x",
					"scale":0.02,
					"weight":0.3
				},
				{
					"id":"PARAM_BODY_ANGLE_Z",
					"ptype":"angle",
					"scale":0.5,
					"weight":0.2
				},
				{
					"id":"PARAM_ANGLE_Z",
					"ptype":"angle",
					"scale":0.5,
					"weight":0.5
				}
			],
			"targets":[
				{
					"id":"PARAM_HAIRS3_DE1",
					"ptype":"angle",
					"scale":0.01,
					"weight":0.8
				}
			]
		},
		{
			"label":"Hair_Side4B",
			"setup":{
				"length":0.4,
				"regist":0.3,
				"mass":0.3
			},
			"src":[
				{
					"id":"PARAM_ANGLE_X",
					"ptype":"x",
					"scale":0.003,
					"weight":0.7
				},
				{
					"id":"PARAM_ANGLE_Z",
					"ptype":"x",
					"scale":0.02,
					"weight":0.5
				},
				{
					"id":"PARAM_ALL__X",
					"ptype":"x",
					"scale":0.02,
					"weight":0.3
				},
				{
					"id":"PARAM_BODY_ANGLE_Z",
					"ptype":"angle",
					"scale":0,
					"weight":0.5
				},
				{
					"id":"PARAM_ANGLE_Z",
					"ptype":"angle",
					"scale":0,
					"weight":1
				}
			],
			"targets":[
				{
					"id":"PARAM_HAIRS3_DE2",
					"ptype":"angle",
					"scale":0.05,
					"weight":1
				}
			]
		}
	]
}